Maximum,Minimum,Year,JS_Code,REMARKS
22.4670181711354,19.5897426684799,2018,JS3868,PolyU CS program
27.9070284941956,22.5575314500749,2018,JS3648,PolyU Nursing program
23.922701693643,19.7913853082987,2018,JS3131,PolyU Broad Disciple Business
